TONY'S SBT COMPANIES ,VEND
Vendor Name,Vendor # 
Alpha Baking Company ,ALPHA02
Aunt Millies  Bakeries ,AUNTM10
Aunt Millies Bakeries PL SBT,AUNTM09
Avanti Press ,AVANT09
Bimbo Foods SBT ,BIMBO06
Castillo Brothers ,CASTI00
Cedar's Mediterranean foods ,CEDAR00
Chicago Baking  Co.,CHICA00
Chicago Tribune sales ,CHICA03
Father and son commercial ,FATHE00
Forest view bakery,FORES00
Honey Wafer Baking ,HONEY23
Kovala corp.,HONEY23
La Fiesta  Products inc.,LAFIE19
Laramie Bakery & deli,LARAM09
Legacy Pblishing group ,LEGAC25
Liborio baking Co.,LIBOR00
Marino's Distribution,MARIN15
Mi Costenita /Yoli inc.,MICOS00
Panaderia El Acambaro ,PANAD05
Polish Daily News Dziennik,POLIS9
Primo Water/Glacier Water,PRIMO23
Ready Refresh by Nestle/ sbt blue triton,READY18
Salud Natural Entrepreneur,SALUD14
Sanabel Bakery ,SANAB05
SBT Turano ,SBTTU18
Sellers Publishing inc.,SELLE18
The Home City Ice ,THEHO00
Vals Bakery ,VALSB00
Luxury Linens Usa,LUXUR00